,Unnamed: 0,Site No,Site Name,EDI Number,Street Name,Town,State,Post Code,Telephone,Date opened,Address,Location,Point,latitude,longitude
0,0,199,Supers Hoxton Park DC,930063301995,40 Blackbird Close,Hoxton Park,New South Wales,2171,#,28.07.2020,"40 Blackbird Close, Hoxton Park, New South Wales 2171 Australia","40 Blackbird Cl, Len Waters Estate, New South Wales, 2171","(-33.91233895621837, 150.85125830529785, 0.0)",-33.91233895621837,150.85125830529785
1,1,1809,Junee Lamb Operations,9300633018092,25 Bessemer Street,Blacktown,New South Wales,2148,02 8822 8456,18.04.2000,"25 Bessemer Street, Blacktown, New South Wales 2148 Australia","25 Bessemer St, Blacktown, Sydney, New South Wales, 2148","(-33.75273205514659, 150.9056306215495, 0.0)",-33.75273205514659,150.9056306215495
2,2,1872,Thomas Dux Produce Virtual DC,9300633018726,Sydney Markets K Shed,Homebush,New South Wales,2000,#,#,"Sydney Markets K Shed, Homebush, New South Wales 2000 Australia",Sydney Markets Plaza,"(-33.85989999999998, 151.07287000000008, 0.0)",-33.85989999999998,151.07287000000008
3,3,1884,TFI Tamworth Lamb Abattoir,9300633018849,55 Phoenix St,Westdale,New South Wales,2340,#,11.08.2020,"55 Phoenix St, Westdale, New South Wales 2340 Australia","55 Phoenix St, Westdale, New South Wales, 2340","(-31.07221375269453, 150.85355586877722, 0.0)",-31.07221375269453,150.85355586877722
4,4,1892,Contingency DC Somerton 5.4,9300633018924,1 Regional Drive,Somerton,Victoria,3062,#,22.10.2015,"1 Regional Drive, Somerton, Victoria 3062 Australia","Regional Dr, Somerton, Melbourne, Victoria, 3062","(-37.63403404299062, 144.94763064878057, 0.0)",-37.63403404299062,144.94763064878057
5,5,1902,Hoppers Crossing DC,9300633019020,364-426 Old Geelong Rd,Hoppers Crossing,Victoria,3029,#,03.10.2017,"364-426 Old Geelong Rd, Hoppers Crossing, Victoria 3029 Australia","364-426 Old Geelong Rd, Hoppers Crossing, Melbourne, Victoria, 3029","(-37.870051976232816, 144.7301590185287, 0.0)",-37.870051976232816,144.7301590185287
6,6,1903,Americold Arndell Park DC,9300633019037,21 Holbeche Road,Arndell Park,New South Wales,2148,02 8811 7355,01.01.1987,"21 Holbeche Road, Arndell Park, New South Wales 2148 Australia","21 Holbeche Rd, Arndell Park, Sydney, New South Wales, 2148","(-33.786111601528766, 150.87963574141247, 0.0)",-33.786111601528766,150.87963574141247
7,7,1904,Ambient Contingency DC,9300633019044,15A Carter Street,Homebush,New South Wales,2140,#,03.10.2017,"15A Carter Street, Homebush, New South Wales 2140 Australia","15A Carter St, Lidcombe, Sydney, New South Wales, 2141","(-33.84966168266239, 151.0588019392727, 0.0)",-33.84966168266239,151.0588019392727
8,8,1907,Americold Arndell Park DC - Ch,9300633019075,21 Holbeche Road,Arndell Park,New South Wales,2148,02 9688 8283,23.03.2010,"21 Holbeche Road, Arndell Park, New South Wales 2148 Australia","21 Holbeche Rd, Arndell Park, Sydney, New South Wales, 2148","(-33.786111601528766, 150.87963574141247, 0.0)",-33.786111601528766,150.87963574141247
9,9,1908,AMERICOLD ARNDELL PARK,9300633019082,21 Holbeche Rd,Arndell Park,New South Wales,2148,#,15.03.2018,"21 Holbeche Rd, Arndell Park, New South Wales 2148 Australia","21 Holbeche Rd, Arndell Park, Sydney, New South Wales, 2148","(-33.786111601528766, 150.87963574141247, 0.0)",-33.786111601528766,150.87963574141247
10,10,1909,Wyong XDock Hub,9300633019099,Warren Road,Warnervale,New South Wales,2259,0404 829 884,01.06.2022,"Warren Road, Warnervale, New South Wales 2259 Australia","Warren Rd, Warnervale, Central Coast, New South Wales, 2259","(-33.23381756915624, 151.4266143343493, 0.0)",-33.23381756915624,151.4266143343493
11,11,1911,Americold Prospect DC - Freeze,9300633019112,560 Reservoir Road,Prospect,New South Wales,2148,02 9840 5200,23.03.2010,"560 Reservoir Road, Prospect, New South Wales 2148 Australia","560 Reservoir Rd, Prospect, Sydney, New South Wales, 2148","(-33.81024582488939, 150.92051151717106, 0.0)",-33.81024582488939,150.92051151717106
12,12,1912,Rivalea,9300633019129,Hudson Road,Corowa,New South Wales,2646,#,05.10.2018,"Hudson Road, Corowa, New South Wales 2646 Australia","Hudsons Rd, Corowa, New South Wales, 2646","(-35.97008501690351, 146.3318750012349, 0.0)",-35.97008501690351,146.3318750012349
13,13,1915,Wyong Transport Office,9300633019150,Warren Road,Warnervale,New South Wales,2259,#,#,"Warren Road, Warnervale, New South Wales 2259 Australia","Warren Rd, Warnervale, Central Coast, New South Wales, 2259","(-33.23381756915624, 151.4266143343493, 0.0)",-33.23381756915624,151.4266143343493
14,14,1917,Pegasus Stationery/Wrapping DC,9300633019174,Bessemer Street,Blacktown,New South Wales,2148,#,01.10.2004,"Bessemer Street, Blacktown, New South Wales 2148 Australia","Bessemer St, Blacktown, Sydney, New South Wales, 2148","(-33.75536208611105, 150.90620735091133, 0.0)",-33.75536208611105,150.90620735091133
15,15,1919,BE Campbell,9300633019198,144 Newton Road,Wetherill Park,New South Wales,2164,#,05.10.2018,"144 Newton Road, Wetherill Park, New South Wales 2164 Australia","144 Newton Rd, Wetherill Park, Sydney, New South Wales, 2164","(-33.8396979886292, 150.89079968207085, 0.0)",-33.8396979886292,150.89079968207085
16,16,1925,Carlile Bendigo,9300633019259,Mcdowalls  Mayfair Park Industrial,East Bendigo,Victoria,3550,#,#,"Mcdowalls  Mayfair Park Industrial, East Bendigo, Victoria 3550 Australia",3550,"(-36.76752799999997, 144.29277500000012, 0.0)",-36.76752799999997,144.29277500000012
17,17,1926,Americold Arndell Park DC - Mi,9300633019266,21 Holbeche Road,Arndell Park,New South Wales,2148,02 8811 7372,06.09.2011,"21 Holbeche Road, Arndell Park, New South Wales 2148 Australia","21 Holbeche Rd, Arndell Park, Sydney, New South Wales, 2148","(-33.786111601528766, 150.87963574141247, 0.0)",-33.786111601528766,150.87963574141247
18,18,1927,Teys Tamworth Beef,9300633019273,99 Phoenix St,Westdale,New South Wales,2340,#,#,"99 Phoenix St, Westdale, New South Wales 2340 Australia","99 Phoenix St, Westdale, Westdale (North), New South Wales, 2340","(-31.072979880122322, 150.85733218202887, 0.0)",-31.072979880122322,150.85733218202887
19,19,1930,Wyong RDC - Confectionary/Secu,9300633019303,Warren Road,Warnervale,New South Wales,2259,#,30.07.2010,"Warren Road, Warnervale, New South Wales 2259 Australia","Warren Rd, Warnervale, Central Coast, New South Wales, 2259","(-33.23381756915624, 151.4266143343493, 0.0)",-33.23381756915624,151.4266143343493
20,20,1931,Wyong RDC - Aerosols/Requisite,9300633019310,Warren Road,Warnervale,New South Wales,2259,#,30.07.2010,"Warren Road, Warnervale, New South Wales 2259 Australia","Warren Rd, Warnervale, Central Coast, New South Wales, 2259","(-33.23381756915624, 151.4266143343493, 0.0)",-33.23381756915624,151.4266143343493
21,21,1933,Wyong RDC - Ambient,9300633019334,Warren Road,Warnervale,New South Wales,2259,#,04.07.2005,"Warren Road, Warnervale, New South Wales 2259 Australia","Warren Rd, Warnervale, Central Coast, New South Wales, 2259","(-33.23381756915624, 151.4266143343493, 0.0)",-33.23381756915624,151.4266143343493
22,22,1937,Wyong RDC - Chilled,9300633019372,Warren Road,Warnervale,New South Wales,2259,#,04.07.2005,"Warren Road, Warnervale, New South Wales 2259 Australia","Warren Rd, Warnervale, Central Coast, New South Wales, 2259","(-33.23381756915624, 151.4266143343493, 0.0)",-33.23381756915624,151.4266143343493
23,23,1938,Wyong RDC - Milk,9300633019389,Warren Road,Warnervale,New South Wales,2259,#,24.10.2005,"Warren Road, Warnervale, New South Wales 2259 Australia","Warren Rd, Warnervale, Central Coast, New South Wales, 2259","(-33.23381756915624, 151.4266143343493, 0.0)",-33.23381756915624,151.4266143343493
24,24,1940,Sydney RDC - TC PTZ,9300633019402,69 Sargents Rd,Minchinbury,New South Wales,2770,#,20.02.2020,"69 Sargents Rd, Minchinbury, New South Wales 2770 Australia","69 Sargents Rd, Minchinbury, Sydney, New South Wales, 2770","(-33.78835929268429, 150.81439385694193, 0.0)",-33.78835929268429,150.81439385694193
25,25,1944,Sydney NDC,9300633019440,Cnr Fairfield and Dursley Rd,Yennora,New South Wales,2161,02 9892 7555,01.06.2001,"Cnr Fairfield and Dursley Rd, Yennora, New South Wales 2161 Australia","Fairfield Rd & Dursley Rd, Yennora, Sydney, New South Wales, 2161","(-33.8575899991475, 150.95866996373917, 0.0)",-33.8575899991475,150.95866996373917
26,26,1946,Wyong RDC - Produce,9300633019464,1 Warren Road,Warnervale,New South Wales,2259,02 8885 2131,19.10.2005,"1 Warren Road, Warnervale, New South Wales 2259 Australia","1 Warren Rd, Warnervale, Central Coast, New South Wales, 2259","(-33.2324797562638, 151.42550074399335, 0.0)",-33.2324797562638,151.42550074399335
27,27,1947,Americold Fresh DC Arndell Par,9300633019471,21 Holbeche Road,Arndell Park,New South Wales,2148,02 9675 8100,24.04.2006,"21 Holbeche Road, Arndell Park, New South Wales 2148 Australia","21 Holbeche Rd, Arndell Park, Sydney, New South Wales, 2148","(-33.786111601528766, 150.87963574141247, 0.0)",-33.786111601528766,150.87963574141247
28,28,1948,Sydney RDC - Seafood,9300633019488,69 Sargents Road,MINCHINBURY,New South Wales,2770,02 9675 8100,08.10.2007,"69 Sargents Road, MINCHINBURY, New South Wales 2770 Australia","69 Sargents Rd, Minchinbury, Sydney, New South Wales, 2770","(-33.78835929268429, 150.81439385694193, 0.0)",-33.78835929268429,150.81439385694193
29,29,1951,Sydney Liquor DC - Securities,9300633019518,29 Sarah Andrews Close,Erskine Park,New South Wales,2759,#,18.02.2009,"29 Sarah Andrews Close, Erskine Park, New South Wales 2759 Australia","29 Sarah Andrews Cl, Erskine Park, Sydney, New South Wales, 2759","(-33.82498083348618, 150.7831501452174, 0.0)",-33.82498083348618,150.7831501452174
30,30,1953,Sydney LDC-Ambient,9300633019532,29 Sarah Andrews Close,Erskine Park,New South Wales,2759,#,13.05.2008,"29 Sarah Andrews Close, Erskine Park, New South Wales 2759 Australia","29 Sarah Andrews Cl, Erskine Park, Sydney, New South Wales, 2759","(-33.82498083348618, 150.7831501452174, 0.0)",-33.82498083348618,150.7831501452174
31,31,1955,SLDC - Events,9300633019556,29  Sarah Andrews Close,Erskine Park,New South Wales,2759,02 8887 2146,02.04.2012,"29  Sarah Andrews Close, Erskine Park, New South Wales 2759 Australia","29 Sarah Andrews Cl, Erskine Park, Sydney, New South Wales, 2759","(-33.82498083348618, 150.7831501452174, 0.0)",-33.82498083348618,150.7831501452174
32,32,1957,Contingency DC NSW,9300633019570,40 Blackbird Close,Hoxton Park,New South Wales,2171,#,#,"40 Blackbird Close, Hoxton Park, New South Wales 2171 Australia","40 Blackbird Cl, Len Waters Estate, New South Wales, 2171","(-33.91233895621837, 150.85125830529785, 0.0)",-33.91233895621837,150.85125830529785
33,33,1959,Wyong RDC - Fresh,9300633019594,Warren Road,Warnervale,New South Wales,2259,#,24.10.2005,"Warren Road, Warnervale, New South Wales 2259 Australia","Warren Rd, Warnervale, Central Coast, New South Wales, 2259","(-33.23381756915624, 151.4266143343493, 0.0)",-33.23381756915624,151.4266143343493
34,34,1966,AFG - Don Watson,9300633019662,213-215 Newton Rd,Wetherill Park,New South Wales,2164,#,05.10.2018,"213-215 Newton Rd, Wetherill Park, New South Wales 2164 Australia","215 Newton Rd, Wetherill Park, Sydney, New South Wales, 2164","(-33.837119966669526, 150.88527022436506, 0.0)",-33.837119966669526,150.88527022436506
35,35,1967,Tatura Lamb Ops,9300633019679,PO Box 320,Patterson Lakes,Victoria,3197,#,#,"PO Box 320, Patterson Lakes, Victoria 3197 Australia","3197, Patterson Lakes, Melbourne, Victoria","(-38.068091668158196, 145.14369595328296, 0.0)",-38.068091668158196,145.14369595328296
36,36,1973,Sydney LIQ NDC - SCE Test DC 1,9300633019730,29 Sarah Andrews Close,Erskine Park,New South Wales,2759,88850500,#,"29 Sarah Andrews Close, Erskine Park, New South Wales 2759 Australia","29 Sarah Andrews Cl, Erskine Park, Sydney, New South Wales, 2759","(-33.82498083348618, 150.7831501452174, 0.0)",-33.82498083348618,150.7831501452174
37,37,1979,Sydney RDC - Ambient,9300633019792,69 Sargents Road,Minchinbury,New South Wales,2770,02 9675 8100,13.02.1998,"69 Sargents Road, Minchinbury, New South Wales 2770 Australia","69 Sargents Rd, Minchinbury, Sydney, New South Wales, 2770","(-33.78835929268429, 150.81439385694193, 0.0)",-33.78835929268429,150.81439385694193
38,38,1983,Sydney RDC - CARS,9300633019839,69 Sargents Road,Minchinbury,New South Wales,2770,02 9675 8100,13.06.2005,"69 Sargents Road, Minchinbury, New South Wales 2770 Australia","69 Sargents Rd, Minchinbury, Sydney, New South Wales, 2770","(-33.78835929268429, 150.81439385694193, 0.0)",-33.78835929268429,150.81439385694193
39,39,1986,Sydney RDC - Produce,9300633019860,69 Sargents Road,Minchinbury,New South Wales,2770,02 9675 8100,01.05.2007,"69 Sargents Road, Minchinbury, New South Wales 2770 Australia","69 Sargents Rd, Minchinbury, Sydney, New South Wales, 2770","(-33.78835929268429, 150.81439385694193, 0.0)",-33.78835929268429,150.81439385694193
40,40,1987,Sydney RDC - Chilled,9300633019877,69 Sargents Road,Minchinbury,New South Wales,2770,02 9675 8100,06.03.2006,"69 Sargents Road, Minchinbury, New South Wales 2770 Australia","69 Sargents Rd, Minchinbury, Sydney, New South Wales, 2770","(-33.78835929268429, 150.81439385694193, 0.0)",-33.78835929268429,150.81439385694193
41,41,1988,Sydney RDC - Meat,9300633019884,69 Sargents Road,Minchinbury,New South Wales,2770,02 9675 8100,06.03.2006,"69 Sargents Road, Minchinbury, New South Wales 2770 Australia","69 Sargents Rd, Minchinbury, Sydney, New South Wales, 2770","(-33.78835929268429, 150.81439385694193, 0.0)",-33.78835929268429,150.81439385694193
42,42,1998,Qube - NSW,9300633019983,"WH51,  400 MOOREBANK AVENUE",MOOREBANK,New South Wales,2170,0401 136 608,15.09.2008,"WH51,  400 MOOREBANK AVENUE, MOOREBANK, New South Wales 2170 Australia","400 Moorebank Av, Moorebank, Sydney, New South Wales, 2170","(-33.94900974070141, 150.92511033216732, 0.0)",-33.94900974070141,150.92511033216732
43,43,2007,Heathwood International,9300633020071,131 SHERIDAN STREET,CAIRNS,Queensland,4870,(07) 4051-2790,11.08.2022,"131 SHERIDAN STREET, CAIRNS, Queensland 4870 Australia","131 Sheridan St, Cairns City, Cairns, Queensland, 4870","(-16.91854793434895, 145.76882970787995, 0.0)",-16.91854793434895,145.76882970787995
44,44,2008,Heathwood Meat,9300633020088,CREEK RD AND WINSTANLEY STREET,CARINDALE,Queensland,4152,(07) 3395-0279,24.06.2021,"CREEK RD AND WINSTANLEY STREET, CARINDALE, Queensland 4152 Australia","Creek Rd & Winstanley St, Carindale, Brisbane, Queensland, 4152","(-27.50520001515057, 153.09972998364816, 0.0)",-27.50520001515057,153.09972998364816
45,45,2010,Heathwood Chilled,9300633020101,19-23 SHORE STREET,CLEVELAND,Queensland,4163,(07) 3821-0225,24.06.2021,"19-23 SHORE STREET, CLEVELAND, Queensland 4163 Australia","19-23 Shore St, Cleveland, Brisbane, Queensland, 4163","(-27.524537568690505, 153.26532311423932, 0.0)",-27.524537568690505,153.26532311423932
46,46,2011,Heathwood Freezer,9300633020118,CNR WYNNUM AND JUNCTION ROAD,COLMSLIE,Queensland,4170,(07) 3399-6455,24.06.2021,"CNR WYNNUM AND JUNCTION ROAD, COLMSLIE, Queensland 4170 Australia","Wynnum Rd & Junction Rd, Morningside, Brisbane, Queensland, 4170","(-27.46676002045477, 153.07842997511773, 0.0)",-27.46676002045477,153.07842997511773
47,47,2114,Xmas Hams - Swires,9300633021146,1181 Lytton Rd,Hemmant,Queensland,4174,#,05.10.2018,"1181 Lytton Rd, Hemmant, Queensland 4174 Australia","1181 Lytton Rd, Hemmant, Brisbane, Queensland, 4174","(-27.44533608548592, 153.12465809896804, 0.0)",-27.44533608548592,153.12465809896804
48,48,2899,Teys Beenleigh Beef Abattoir,9300633028992,Logan River Road,Beenleigh,Queensland,4207,#,01.01.2021,"Logan River Road, Beenleigh, Queensland 4207 Australia","Logan River Rd, Beenleigh, Brisbane, Queensland, 4207","(-27.714114443993353, 153.18727082555662, 0.0)",-27.714114443993353,153.18727082555662
49,49,2902,BLDC Contingency Liquor WH,9300633029029,28 Quarry Road,Stapylton,Queensland,4207,07 3380 9400,#,"28 Quarry Road, Stapylton, Queensland 4207 Australia","28 Quarry Rd, Stapylton, Gold Coast, Queensland, 4207","(-27.73184273752004, 153.24172730242913, 0.0)",-27.73184273752004,153.24172730242913
50,50,2903,Americold Freezer DC Murarrie,9300633029036,51 Alexandra Place,Murarrie,Queensland,4172,07 3907 7281,01.10.1994,"51 Alexandra Place, Murarrie, Queensland 4172 Australia","51 Alexandra Pl, Murarrie, Brisbane, Queensland, 4172","(-27.460692193108002, 153.10772036812625, 0.0)",-27.460692193108002,153.10772036812625
51,51,2904,Namours Coldstore QLD,9300633029043,Berry Street,Churchill,Queensland,4305,07 3202 2811,19.10.2020,"Berry Street, Churchill, Queensland 4305 Australia","Berry St, Churchill, Brisbane, Queensland, 4305","(-27.64437208349761, 152.748286605189, 0.0)",-27.64437208349761,152.748286605189
52,52,2906,Americold Chilled DC Murarrie,9300633029067,51 Alexandra Place,Murarrie,Queensland,4172,#,29.10.2009,"51 Alexandra Place, Murarrie, Queensland 4172 Australia","51 Alexandra Pl, Murarrie, Brisbane, Queensland, 4172","(-27.460692193108002, 153.10772036812625, 0.0)",-27.460692193108002,153.10772036812625
53,53,2908,Swires AFG (3PL),9300633029081,1181 Lytton Rd,Hemmant,Queensland,4174,#,05.10.2018,"1181 Lytton Rd, Hemmant, Queensland 4174 Australia","1181 Lytton Rd, Hemmant, Brisbane, Queensland, 4174","(-27.44533608548592, 153.12465809896804, 0.0)",-27.44533608548592,153.12465809896804
54,54,2909,Americold Meat DC Murarrie,9300633029098,51 Alexandra Place,Murarrie,Queensland,4172,07 3907 7281,23.02.2010,"51 Alexandra Place, Murarrie, Queensland 4172 Australia","51 Alexandra Pl, Murarrie, Brisbane, Queensland, 4172","(-27.460692193108002, 153.10772036812625, 0.0)",-27.460692193108002,153.10772036812625
55,55,2912,Americold Murarrie - TC PTZ,9300633029128, 51 Alexandra Place,Murarrie,Queensland,4172,07 3354 5444,#," 51 Alexandra Place, Murarrie, Queensland 4172 Australia","51 Alexandra Pl, Murarrie, Brisbane, Queensland, 4172","(-27.460692193108002, 153.10772036812625, 0.0)",-27.460692193108002,153.10772036812625
56,56,2913,Ipswich DC (Brismeat),9300633029135,Berry Street,Churchill,Queensland,4305,07 3202 2811,01.10.2004,"Berry Street, Churchill, Queensland 4305 Australia","Berry St, Churchill, Brisbane, Queensland, 4305","(-27.64437208349761, 152.748286605189, 0.0)",-27.64437208349761,152.748286605189
57,57,2915,Brismeat Primal Cutting,9300633029159,Berry Street,Churchill,Queensland,4305,07 3202 2811,21.02.1997,"Berry Street, Churchill, Queensland 4305 Australia","Berry St, Churchill, Brisbane, Queensland, 4305","(-27.64437208349761, 152.748286605189, 0.0)",-27.64437208349761,152.748286605189
58,58,2916,Townsville Fresh,9300633029166,Jay Street,Bohle Townsville,Queensland,4818,#,#,"Jay Street, Bohle Townsville, Queensland 4818 Australia","Jay St, Mount St John, Townsville, Queensland, 4818","(-19.24690147162299, 146.73920954956745, 0.0)",-19.24690147162299,146.73920954956745
59,59,2917,Brismeat Value Added,9300633029173,Berry Street,Churchill,Queensland,4305,07 3202 2811,04.02.1997,"Berry Street, Churchill, Queensland 4305 Australia","Berry St, Churchill, Brisbane, Queensland, 4305","(-27.64437208349761, 152.748286605189, 0.0)",-27.64437208349761,152.748286605189
60,60,2918,HILTON HEATHWOOD MTMFG,9300633029180,22 Seeana Place,HEATHWOOD,Queensland,4110,07 3202 2811,21.02.1997,"22 Seeana Place, HEATHWOOD, Queensland 4110 Australia","22 Seeana Pl, Heathwood, Brisbane, Queensland, 4110","(-27.64411824180005, 152.98810491011858, 0.0)",-27.64411824180005,152.98810491011858
61,61,2919,Somerton Contingency DC,9300633029197,30 Nation Link drive,Somerton,Victoria,3062,07 4753 3600,05.06.2009,"30 Nation Link drive, Somerton, Victoria 3062 Australia","30 Nation Link Dr, Somerton, Melbourne, Victoria, 3062","(-37.63590673805955, 144.9461045884276, 0.0)",-37.63590673805955,144.9461045884276
62,62,2920,Acacia Ridge Ambient DC,9300633029203,338 Bradman Street,Acacia Ridge,Queensland,4110,07 X,28.10.2014,"338 Bradman Street, Acacia Ridge, Queensland 4110 Australia","338 Bradman St, Acacia Ridge, Brisbane, Queensland, 4110","(-27.59416163786974, 153.0390178472917, 0.0)",-27.59416163786974,153.0390178472917
63,63,2922,MORNINGSIDE QLD MEAT MANUF,9300633029227,51 Alexandra Place,Murarrie,Queensland,4172,07 3907 7281,05.08.2009,"51 Alexandra Place, Murarrie, Queensland 4172 Australia","51 Alexandra Pl, Murarrie, Brisbane, Queensland, 4172","(-27.460692193108002, 153.10772036812625, 0.0)",-27.460692193108002,153.10772036812625
64,64,2926,Townsville RDC  - Ambient 2,9300633029265,Jay Street,Bohle Townsville,Queensland,4818,#,01.07.2020,"Jay Street, Bohle Townsville, Queensland 4818 Australia","Jay St, Mount St John, Townsville, Queensland, 4818","(-19.24690147162299, 146.73920954956745, 0.0)",-19.24690147162299,146.73920954956745
65,65,2930,Brisbane RDC - PTZ,9300633029302,12 WOOLWORTHS WAY,BELLA VISTA,New South Wales,2153,02 X,#,"12 WOOLWORTHS WAY, BELLA VISTA, New South Wales 2153 Australia","12 Woolworths Way, Bella Vista, Sydney, New South Wales, 2153","(-33.736647445722014, 150.94929383993124, 0.0)",-33.736647445722014,150.94929383993124
66,66,2942,Brisbane RDC - Fresh,9300633029425,70 Distribution Street,Larapinta,Queensland,4110,#,03.03.2022,"70 Distribution Street, Larapinta, Queensland 4110 Australia","70 Distribution St, Larapinta, Brisbane, Queensland, 4110","(-27.645848518072555, 153.00603924924786, 0.0)",-27.645848518072555,153.00603924924786
67,67,2943,Brismeat (Overhead),9300633029432,Berry Street,Churchill,Queensland,4305,07 3202 2811,26.09.2011,"Berry Street, Churchill, Queensland 4305 Australia","Berry St, Churchill, Brisbane, Queensland, 4305","(-27.64437208349761, 152.748286605189, 0.0)",-27.64437208349761,152.748286605189
68,68,2950,Brisbane RDC - MILK,9300633029500,70 Distribution Street,Larapinta,Queensland,4110,07 3907 7200,09.08.2010,"70 Distribution Street, Larapinta, Queensland 4110 Australia","70 Distribution St, Larapinta, Brisbane, Queensland, 4110","(-27.645848518072555, 153.00603924924786, 0.0)",-27.645848518072555,153.00603924924786
69,69,2955,Brisbane Events DC,9300633029555,70 Distribution St,Larapinta,Queensland,4110,07 3809 1700,01.10.2011,"70 Distribution St, Larapinta, Queensland 4110 Australia","70 Distribution St, Larapinta, Brisbane, Queensland, 4110","(-27.645848518072555, 153.00603924924786, 0.0)",-27.645848518072555,153.00603924924786
70,70,2985,Brisbane RDC TC Bulk,9300633029852,70 Distribution Street,Larapinta,Queensland,4110,07 3809 1700,01.08.2009,"70 Distribution Street, Larapinta, Queensland 4110 Australia","70 Distribution St, Larapinta, Brisbane, Queensland, 4110","(-27.645848518072555, 153.00603924924786, 0.0)",-27.645848518072555,153.00603924924786
71,71,2986,Brisbane RDC - Produce,9300633029869,70 Distribution Street,Larapinta,Queensland,4110,07 3809 1717,05.06.2009,"70 Distribution Street, Larapinta, Queensland 4110 Australia","70 Distribution St, Larapinta, Brisbane, Queensland, 4110","(-27.645848518072555, 153.00603924924786, 0.0)",-27.645848518072555,153.00603924924786
72,72,2987,Brisbane RDC - Chilled,9300633029876,70 Distribution Street,Larapinta,Queensland,4110,#,11.07.2006,"70 Distribution Street, Larapinta, Queensland 4110 Australia","70 Distribution St, Larapinta, Brisbane, Queensland, 4110","(-27.645848518072555, 153.00603924924786, 0.0)",-27.645848518072555,153.00603924924786
73,73,2988,Townsville RDC  - Fresh,9300633029883,Jay Street,Bohle Townsville,Queensland,4818,#,01.07.2020,"Jay Street, Bohle Townsville, Queensland 4818 Australia","Jay St, Mount St John, Townsville, Queensland, 4818","(-19.24690147162299, 146.73920954956745, 0.0)",-19.24690147162299,146.73920954956745
74,74,2989,Sunpork Kingaroy,9300633029890,206 Kingaroy Barkers Creek Rd,Kingaroy,Queensland,4610,#,05.10.2018,"206 Kingaroy Barkers Creek Rd, Kingaroy, Queensland 4610 Australia","206 Kingaroy Barkers Creek Rd, Kingaroy, Queensland, 4610","(-26.54421821075688, 151.8595378062965, 0.0)",-26.54421821075688,151.8595378062965
75,75,2990,Brisbane RDC - Confectionery,9300633029906,70 Distribution Street,Larapinta,Queensland,4110,07 3809 1700,27.10.2008,"70 Distribution Street, Larapinta, Queensland 4110 Australia","70 Distribution St, Larapinta, Brisbane, Queensland, 4110","(-27.645848518072555, 153.00603924924786, 0.0)",-27.645848518072555,153.00603924924786
76,76,2991,Brisbane RDC-Security-Aerosols,9300633029913,70 Distribution Street,Larapinta,Queensland,4110,07 3809 1700,27.10.2008,"70 Distribution Street, Larapinta, Queensland 4110 Australia","70 Distribution St, Larapinta, Brisbane, Queensland, 4110","(-27.645848518072555, 153.00603924924786, 0.0)",-27.645848518072555,153.00603924924786
77,77,2993,Brisbane RDC - Ambient,9300633029937,70 Distribution Street,Larapinta,Queensland,4110,#,11.09.2006,"70 Distribution Street, Larapinta, Queensland 4110 Australia","70 Distribution St, Larapinta, Brisbane, Queensland, 4110","(-27.645848518072555, 153.00603924924786, 0.0)",-27.645848518072555,153.00603924924786
78,78,2994,Americold Chilled DC Murarrie,9300633029944,51 Alexandra Place,Murarrie,Queensland,4172,#,12.11.2007,"51 Alexandra Place, Murarrie, Queensland 4172 Australia","51 Alexandra Pl, Murarrie, Brisbane, Queensland, 4172","(-27.460692193108002, 153.10772036812625, 0.0)",-27.460692193108002,153.10772036812625
79,79,2995,Townsville RDC - Ambient,9300633029951,Jay Street,Bohle,Queensland,4818,07 4753 3600,01.07.2020,"Jay Street, Bohle, Queensland 4818 Australia","Jay St, Mount St John, Townsville, Queensland, 4818","(-19.24690147162299, 146.73920954956745, 0.0)",-19.24690147162299,146.73920954956745
80,80,2996,Townsville RDC - Produce,9300633029968,Jay Street,Bohle Townsville,Queensland,4818,#,01.07.2020,"Jay Street, Bohle Townsville, Queensland 4818 Australia","Jay St, Mount St John, Townsville, Queensland, 4818","(-19.24690147162299, 146.73920954956745, 0.0)",-19.24690147162299,146.73920954956745
81,81,2998,Qube - Qld,9300633029982,1 Bingera Drive,Port Brisbane Fisherman Isl,Queensland,4178,07 3895 9542,01.08.2009,"1 Bingera Drive, Port Brisbane Fisherman Isl, Queensland 4178 Australia","1 Bingera Dr, Port Of Brisbane, Brisbane, Queensland, 4178","(-27.37554819200912, 153.1814097022551, 0.0)",-27.37554819200912,153.1814097022551
82,82,3872,Thomas Dux Produce Virtual DC,9300633038724,"MELBOURNE MARKET PAD 6, W/H 9",Epping,Victoria,3076,03 9689 1408,#,"MELBOURNE MARKET PAD 6, W/H 9, Epping, Victoria 3076 Australia","3076, Epping, Melbourne, Victoria","(-37.64042360428834, 145.01852496864848, 0.0)",-37.64042360428834,145.01852496864848
83,83,3902,Hume D.C.                 L337,9300633039028,120 Northcorp Boulevarde,Broadmeadows,Victoria,3047,03 9358-5625,01.07.1999,"120 Northcorp Boulevarde, Broadmeadows, Victoria 3047 Australia","120 Northcorp Bvd, Broadmeadows, Melbourne, Victoria, 3047","(-37.68009076718245, 144.94726003378037, 0.0)",-37.68009076718245,144.94726003378037
84,84,3907,Americold Laverton - Chilled D,9300633039073,73 Boundary Road,Laverton North,Victoria,3026,#,21.01.2010,"73 Boundary Road, Laverton North, Victoria 3026 Australia","73 Boundary Rd, Laverton North, Melbourne, Victoria, 3026","(-37.81507100808204, 144.80221304334805, 0.0)",-37.81507100808204,144.80221304334805
85,85,3908,Americold Laverton DC,9300633039080,73 Boundary Road,Laverton North,Victoria,3026,03 9296 1444,01.09.1998,"73 Boundary Road, Laverton North, Victoria 3026 Australia","73 Boundary Rd, Laverton North, Melbourne, Victoria, 3026","(-37.81507100808204, 144.80221304334805, 0.0)",-37.81507100808204,144.80221304334805
86,86,3911,Melbourne NDC,9300633039110,522 Wellington Road,Mulgrave,Victoria,3170,03 9263 2444,05.10.1998,"522 Wellington Road, Mulgrave, Victoria 3170 Australia","522 Wellington Rd, Mulgrave, Melbourne, Victoria, 3170","(-37.92197598047647, 145.18303500729752, 0.0)",-37.92197598047647,145.18303500729752
87,87,3914,Melbourne Fresh DC - Events,9300633039141,85 Foundation Road,Truganina,Victoria,3029,#,07.05.2020,"85 Foundation Road, Truganina, Victoria 3029 Australia","85 Foundation Rd, Truganina, Melbourne, Victoria, 3029","(-37.831035390417576, 144.76389534061957, 0.0)",-37.831035390417576,144.76389534061957
88,88,3916,Americold Laverton Meat DC,9300633039165,73 Boundary Road,Laverton North,Victoria,3026,03 9296 1444,28.09.2007,"73 Boundary Road, Laverton North, Victoria 3026 Australia","73 Boundary Rd, Laverton North, Melbourne, Victoria, 3026","(-37.81507100808204, 144.80221304334805, 0.0)",-37.81507100808204,144.80221304334805
89,89,3919,Mulgrave Produce DC,9300633039196,522 Wellington Road,Mulgrave,Victoria,3170,03 9263 2483,05.06.2009,"522 Wellington Road, Mulgrave, Victoria 3170 Australia","522 Wellington Rd, Mulgrave, Melbourne, Victoria, 3170","(-37.92197598047647, 145.18303500729752, 0.0)",-37.92197598047647,145.18303500729752
90,90,3920,Qube - Vic,9300633039202,19 - 43 Enterprize Road,West Melbourne,Victoria,3003,0403 368 227,19.12.2008,"19 - 43 Enterprize Road, West Melbourne, Victoria 3003 Australia","43 Enterprize Rd, West Melbourne, Melbourne, Victoria, 3003","(-37.81203542820104, 144.9317705096692, 0.0)",-37.81203542820104,144.9317705096692
91,91,3921,Salvage Warehouse,9300633039219,522 Wellington Road,Mulgrave,Victoria,3170,03 9263 2444,#,"522 Wellington Road, Mulgrave, Victoria 3170 Australia","522 Wellington Rd, Mulgrave, Melbourne, Victoria, 3170","(-37.92197598047647, 145.18303500729752, 0.0)",-37.92197598047647,145.18303500729752
92,92,3924,MNDC Milk DC,9300633039240,522 WELLINGTON ROAD,Mulgrave,Victoria,3170,#,09.03.2016,"522 WELLINGTON ROAD, Mulgrave, Victoria 3170 Australia","522 Wellington Rd, Mulgrave, Melbourne, Victoria, 3170","(-37.92197598047647, 145.18303500729752, 0.0)",-37.92197598047647,145.18303500729752
93,93,3926,Americold Laverton Milk DC,9300633039264,73 Boundary Road,Laverton North,Victoria,3026,#,01.01.2019,"73 Boundary Road, Laverton North, Victoria 3026 Australia","73 Boundary Rd, Laverton North, Melbourne, Victoria, 3026","(-37.81507100808204, 144.80221304334805, 0.0)",-37.81507100808204,144.80221304334805
94,94,3927,Xmas Hams AB Oxford,9300633039271,1 Hume Rd,Laverton North,Victoria,3026,#,05.10.2018,"1 Hume Rd, Laverton North, Victoria 3026 Australia","1 Hume Rd, Laverton North, Melbourne, Victoria, 3026","(-37.82659226927282, 144.79642349518667, 0.0)",-37.82659226927282,144.79642349518667
95,95,3928,Mulgrave DC - Bulk,9300633039288,522 Wellington Road,Mulgrave,Victoria,3170,03 9263 2444,03.06.2021,"522 Wellington Road, Mulgrave, Victoria 3170 Australia","522 Wellington Rd, Mulgrave, Melbourne, Victoria, 3170","(-37.92197598047647, 145.18303500729752, 0.0)",-37.92197598047647,145.18303500729752
96,96,3929,Americold Laverton - Fresh DC,9300633039295,73 Boundary Road,Laverton North,Victoria,3026,#,06.01.2010,"73 Boundary Road, Laverton North, Victoria 3026 Australia","73 Boundary Rd, Laverton North, Melbourne, Victoria, 3026","(-37.81507100808204, 144.80221304334805, 0.0)",-37.81507100808204,144.80221304334805
97,97,3930,Melbourne Fresh DC - Milk,9300633039301,85 Foundation Road,Truganina,Victoria,3029,#,23.04.2020,"85 Foundation Road, Truganina, Victoria 3029 Australia","85 Foundation Rd, Truganina, Melbourne, Victoria, 3029","(-37.831035390417576, 144.76389534061957, 0.0)",-37.831035390417576,144.76389534061957
98,98,3931,Wodonga RDC - C.A.R.S,9300633039318,28 Bilston Drive,Barnawartha,Victoria,3691,02 6042 8200,01.01.2010,"28 Bilston Drive, Barnawartha, Victoria 3691 Australia","28 Bilston Dr, Barnawartha North, Barnawartha, Victoria, 3691","(-36.07702352115936, 146.72136956381667, 0.0)",-36.07702352115936,146.72136956381667
99,99,3933,Wodonga RDC - Ambient,9300633039332,28 Bilston Drive,Barnawartha,Victoria,3691,#,04.07.2005,"28 Bilston Drive, Barnawartha, Victoria 3691 Australia","28 Bilston Dr, Barnawartha North, Barnawartha, Victoria, 3691","(-36.07702352115936, 146.72136956381667, 0.0)",-36.07702352115936,146.72136956381667
100,100,3936,Wodonga RDC - Produce,9300633039363,28 Bilston Drive,Barnawartha,Victoria,3691,03 9263 2483,04.07.2005,"28 Bilston Drive, Barnawartha, Victoria 3691 Australia","28 Bilston Dr, Barnawartha North, Barnawartha, Victoria, 3691","(-36.07702352115936, 146.72136956381667, 0.0)",-36.07702352115936,146.72136956381667
101,101,3937,Wodonga RDC - Chilled,9300633039370,28 Bilston Drive,Barnawartha,Victoria,3691,#,07.08.2006,"28 Bilston Drive, Barnawartha, Victoria 3691 Australia","28 Bilston Dr, Barnawartha North, Barnawartha, Victoria, 3691","(-36.07702352115936, 146.72136956381667, 0.0)",-36.07702352115936,146.72136956381667
102,102,3938,Wodonga RDC - Frozen,9300633039387,28 Bilston Drive,Barnawartha,Victoria,3691,#,26.10.1998,"28 Bilston Drive, Barnawartha, Victoria 3691 Australia","28 Bilston Dr, Barnawartha North, Barnawartha, Victoria, 3691","(-36.07702352115936, 146.72136956381667, 0.0)",-36.07702352115936,146.72136956381667
103,103,3939,Wodonga RDC - Fresh,9300633039394,28 Bilston Drive,Barnawartha,Victoria,3691,#,09.11.2006,"28 Bilston Drive, Barnawartha, Victoria 3691 Australia","28 Bilston Dr, Barnawartha North, Barnawartha, Victoria, 3691","(-36.07702352115936, 146.72136956381667, 0.0)",-36.07702352115936,146.72136956381667
104,104,3941,HDS(Home Delivery Services) PF,9300633039417,2C - 300 Victoria rd,Wetherill Park,New South Wales,2164,#,03.08.2022,"2C - 300 Victoria rd, Wetherill Park, New South Wales 2164 Australia","300 Victoria Rd, Wetherill Park, Sydney, New South Wales, 2164","(-33.8457833341536, 150.9014525780927, 0.0)",-33.8457833341536,150.9014525780927
105,105,3944,Linfox Somerton,9300633039448,1 Regional Drive,Somerton,Victoria,3062,#,#,"1 Regional Drive, Somerton, Victoria 3062 Australia","Regional Dr, Somerton, Melbourne, Victoria, 3062","(-37.63403404299062, 144.94763064878057, 0.0)",-37.63403404299062,144.94763064878057
106,106,3945,Mulgrave Outside Storage,9300633039455,"Lot 1, 155 Union Road",Somerton,Victoria,3062,#,15.10.2010,"Lot 1, 155 Union Road, Somerton, Victoria 3062 Australia","155 Union Rd, Somerton, Melbourne, Victoria, 3062","(-37.63297076692477, 144.9430434335689, 0.0)",-37.63297076692477,144.9430434335689
107,107,3947,Melbourne Fresh DC - Fresh,9300633039479,85 Foundation Road,Truganina,Victoria,3029,#,23.04.2020,"85 Foundation Road, Truganina, Victoria 3029 Australia","85 Foundation Rd, Truganina, Melbourne, Victoria, 3029","(-37.831035390417576, 144.76389534061957, 0.0)",-37.831035390417576,144.76389534061957
108,108,3948,Melbourne Fresh - TC PTZ,9300633039486,85 Foundation Road,Truganina,Victoria,3029,#,23.04.2020,"85 Foundation Road, Truganina, Victoria 3029 Australia","85 Foundation Rd, Truganina, Melbourne, Victoria, 3029","(-37.831035390417576, 144.76389534061957, 0.0)",-37.831035390417576,144.76389534061957
109,109,3949,Woolworths Victoria Meat Centr,9300633039493,267 Dohertys Road,Truganina,Victoria,3029,03 9263 2444,#,"267 Dohertys Road, Truganina, Victoria 3029 Australia","267 Dohertys Rd, Truganina, Melbourne, Victoria, 3029","(-37.826697084972025, 144.76589031739434, 0.0)",-37.826697084972025,144.76589031739434
110,110,3950,Wodonga RDC - Milk,9300633039509,28 Bilston Drive,Barnawartha,Victoria,3688,02 6042 8200,09.08.2010,"28 Bilston Drive, Barnawartha, Victoria 3688 Australia","28 Bilston Dr, Barnawartha North, Barnawartha, Victoria, 3691","(-36.07702352115936, 146.72136956381667, 0.0)",-36.07702352115936,146.72136956381667
111,111,3953,Melbourne Fresh DC - Produce,9300633039530,85 Foundation Road,Truganina,Victoria,3029,#,07.05.2020,"85 Foundation Road, Truganina, Victoria 3029 Australia","85 Foundation Rd, Truganina, Melbourne, Victoria, 3029","(-37.831035390417576, 144.76389534061957, 0.0)",-37.831035390417576,144.76389534061957
112,112,3954,Victoria Events DC,9300633039547,73 Boundary Road,Laverton North,Victoria,3029,03 9296 01444,14.10.2010,"73 Boundary Road, Laverton North, Victoria 3029 Australia","Boundary Rd, Laverton North, Melbourne, Victoria, 3026","(-37.812149998644436, 144.76930996625185, 0.0)",-37.812149998644436,144.76930996625185
113,113,3955,MLDC - Events,9300633039554,1-23 Interchange Drive,Laverton North,Victoria,3026,03 8345 8000,02.04.2012,"1-23 Interchange Drive, Laverton North, Victoria 3026 Australia","1-23 Interchange Dr, Laverton North, Melbourne, Victoria, 3026","(-37.84119861565586, 144.7686543337855, 0.0)",-37.84119861565586,144.7686543337855
114,114,3958,Melbourne Fresh DC - Chilled,9300633039585,85 Foundation Road,Truganina,Victoria,3029,#,01.08.2020,"85 Foundation Road, Truganina, Victoria 3029 Australia","85 Foundation Rd, Truganina, Melbourne, Victoria, 3029","(-37.831035390417576, 144.76389534061957, 0.0)",-37.831035390417576,144.76389534061957
115,115,3963,Woolworths Mulgrave Support Of,9300633039639,522 Wellington Road,Mulgrave,Victoria,3170,03 9263 2444,#,"522 Wellington Road, Mulgrave, Victoria 3170 Australia","522 Wellington Rd, Mulgrave, Melbourne, Victoria, 3170","(-37.92197598047647, 145.18303500729752, 0.0)",-37.92197598047647,145.18303500729752
116,116,3966,AFG - AB Oxford (3PL Coldstora,9300633039660,1 Hume Rd,Laverton North,Victoria,3026,#,05.10.2018,"1 Hume Rd, Laverton North, Victoria 3026 Australia","1 Hume Rd, Laverton North, Melbourne, Victoria, 3026","(-37.82659226927282, 144.79642349518667, 0.0)",-37.82659226927282,144.79642349518667
117,117,3967,Frew Lamb Abattoir,9300633039677,46 Abattoir road,Stawell,Victoria,3380,#,#,"46 Abattoir road, Stawell, Victoria 3380 Australia","46 Abattoir Rd, Stawell, Victoria, 3380","(-37.05548810635483, 142.75728062854955, 0.0)",-37.05548810635483,142.75728062854955
118,118,3977,Lineage,9300633039776,1 Hume Road,Laverton,Victoria,3026,#,28.07.2020,"1 Hume Road, Laverton, Victoria 3026 Australia","1 Hume Rd, Laverton North, Melbourne, Victoria, 3026","(-37.82659226927282, 144.79642349518667, 0.0)",-37.82659226927282,144.79642349518667
119,119,3978,Melbourne Fresh DC - VIC Chill,9300633039783,85 Foundation Road,Truganina,Victoria,3029,#,23.04.2020,"85 Foundation Road, Truganina, Victoria 3029 Australia","85 Foundation Rd, Truganina, Melbourne, Victoria, 3029","(-37.831035390417576, 144.76389534061957, 0.0)",-37.831035390417576,144.76389534061957
120,120,3979,Melbourne LDC - Ambient,9300633039790,1-23 Interchange Drive,Laverton North,Victoria,3026,#,19.06.2008,"1-23 Interchange Drive, Laverton North, Victoria 3026 Australia","1-23 Interchange Dr, Laverton North, Melbourne, Victoria, 3026","(-37.84119861565586, 144.7686543337855, 0.0)",-37.84119861565586,144.7686543337855
121,121,3984,Melbourne South RDC - Manual,9300633039844,2 Portlink Drive,Dandenong South Vic,Victoria,3175,#,24.05.2019,"2 Portlink Drive, Dandenong South Vic, Victoria 3175 Australia","2 Portlink Dr, Dandenong South, Melbourne, Victoria, 3175","(-38.05663716423169, 145.22803610434198, 0.0)",-38.05663716423169,145.22803610434198
122,122,3986,Melbourne RDC - Produce,9300633039868,Confirm Delivery Address,Please confirm with your buyer,Victoria,3170,03 9263 2444,22.06.2010,"Confirm Delivery Address, Please confirm with your buyer, Victoria 3170 Australia",3170,"(-37.92137999999994, 145.16545600000006, 0.0)",-37.92137999999994,145.16545600000006
123,123,3989,LINFOX Erskine Park,9300633039899,6-7 John Morphette Place,Erskine Park,New South Wales,2759,#,01.11.2016,"6-7 John Morphette Place, Erskine Park, New South Wales 2759 Australia","6-7 John Morphett Pl, Erskine Park, Sydney, New South Wales, 2759","(-33.81182560409039, 150.7935489019349, 0.0)",-33.81182560409039,150.7935489019349
124,124,3995,Melbourne South Regional DC,9300633039950,2 Portlink Drive,Dandenong South,Victoria,3175,#,20.04.2018,"2 Portlink Drive, Dandenong South, Victoria 3175 Australia","2 Portlink Dr, Dandenong South, Melbourne, Victoria, 3175","(-38.05663716423169, 145.22803610434198, 0.0)",-38.05663716423169,145.22803610434198
125,125,4548,4548 WA Test DC,9300633045487,X,Newman,Western Australia,4548,08 9876 5431,08.09.2010,"X, Newman, Western Australia 4548 Australia","Newman, Western Australia","(-23.358059999999966, 119.73792000000003, 0.0)",-23.358059999999966,119.73792000000003
126,126,4590,Hoxton Park Contingency,9300633045906,40 Blackbird Close,Hoxton Park,New South Wales,2171,#,03.06.2019,"40 Blackbird Close, Hoxton Park, New South Wales 2171 Australia","40 Blackbird Cl, Len Waters Estate, New South Wales, 2171","(-33.91233895621837, 150.85125830529785, 0.0)",-33.91233895621837,150.85125830529785
127,127,4594,4594 Virtual SM Hub 4594,9300633045944,Cnr Fairfield and Dursley Rd,Yennora,New South Wales,2161,#,03.06.2019,"Cnr Fairfield and Dursley Rd, Yennora, New South Wales 2161 Australia","Fairfield Rd & Dursley Rd, Yennora, Sydney, New South Wales, 2161","(-33.8575899991475, 150.95866996373917, 0.0)",-33.8575899991475,150.95866996373917
128,128,4595,4595 Virtual SM Hub 4595,9300633045951,Cnr Fairfield and Dursley Rd,Yennora,New South Wales,2161,#,03.06.2019,"Cnr Fairfield and Dursley Rd, Yennora, New South Wales 2161 Australia","Fairfield Rd & Dursley Rd, Yennora, Sydney, New South Wales, 2161","(-33.8575899991475, 150.95866996373917, 0.0)",-33.8575899991475,150.95866996373917
129,129,4596,4596 Virtual SM Hub 4596,9300633045968,Cnr Fairfield and Dursley Rd,Yennora,New South Wales,2161,#,03.06.2019,"Cnr Fairfield and Dursley Rd, Yennora, New South Wales 2161 Australia","Fairfield Rd & Dursley Rd, Yennora, Sydney, New South Wales, 2161","(-33.8575899991475, 150.95866996373917, 0.0)",-33.8575899991475,150.95866996373917
130,130,4597,4597 Virtual SM Hub 4597,9300633045975,Cnr Fairfield and Dursley Rd,Yennora,New South Wales,2161,#,03.06.2019,"Cnr Fairfield and Dursley Rd, Yennora, New South Wales 2161 Australia","Fairfield Rd & Dursley Rd, Yennora, Sydney, New South Wales, 2161","(-33.8575899991475, 150.95866996373917, 0.0)",-33.8575899991475,150.95866996373917
131,131,4598,4598 Virtual SM Hub 4598,9300633045982,Cnr Fairfield and Dursley Rd,Yennora,New South Wales,2161,#,03.06.2019,"Cnr Fairfield and Dursley Rd, Yennora, New South Wales 2161 Australia","Fairfield Rd & Dursley Rd, Yennora, Sydney, New South Wales, 2161","(-33.8575899991475, 150.95866996373917, 0.0)",-33.8575899991475,150.95866996373917
132,132,4599,Linfox Paradise Rd,9300633045999,152 Paradise Rd,Willawong,Queensland,4110,#,03.06.2019,"152 Paradise Rd, Willawong, Queensland 4110 Australia","152 Paradise Rd, Willawong, Brisbane, Queensland, 4110","(-27.600291491300005, 153.0284775202295, 0.0)",-27.600291491300005,153.0284775202295
133,133,4799,Auburn CFC Temp DC,9300633047993,11-13 Percy St,Auburn,New South Wales,2144,#,11.05.2020,"11-13 Percy St, Auburn, New South Wales 2144 Australia","13 Percy St, Auburn, Sydney, New South Wales, 2144","(-33.85045205422232, 151.04143061257963, 0.0)",-33.85045205422232,151.04143061257963
134,134,4903,Americold Spearwood RDC Freeze,9300633049034,Quarimor Road,Spearwood,Western Australia,6163,08 9418 3300,09.06.2006,"Quarimor Road, Spearwood, Western Australia 6163 Australia","Quarimor Rd, Bibra Lake, Perth, Western Australia, 6163","(-32.10480551191789, 115.79857161573467, 0.0)",-32.10480551191789,115.79857161573467
135,135,4905,Americold Spearwood Events,9300633049058,Quarimor Rd,Spearwood,Western Australia,6163,08 9418 3300,21.06.2021,"Quarimor Rd, Spearwood, Western Australia 6163 Australia","Quarimor Rd, Bibra Lake, Perth, Western Australia, 6163","(-32.10480551191789, 115.79857161573467, 0.0)",-32.10480551191789,115.79857161573467
136,136,4914,Americold Spearwood DOM,9300633049140,1 Quarimor Rd,Bibra Lake,Western Australia,6163,08 9351 5143,19.10.2020,"1 Quarimor Rd, Bibra Lake, Western Australia 6163 Australia","1 Quarimor Rd, Bibra Lake, Perth, Western Australia, 6163","(-32.105929144707474, 115.80019555790358, 0.0)",-32.105929144707474,115.80019555790358
137,137,4915,Linfox Leaks Rd,9300633049157,23-27 Leakes Road,Laverton North,Victoria,3026,#,27.11.2019,"23-27 Leakes Road, Laverton North, Victoria 3026 Australia","23 Leakes Rd, Laverton North, Melbourne, Victoria, 3026","(-37.843264880517154, 144.77629678546276, 0.0)",-37.843264880517154,144.77629678546276
138,138,4916,Bunbury Lamb Boning Room,9300633049164,Rawling Road,Bunbury,Western Australia,6231,08 9725 4844,16.05.1994,"Rawling Road, Bunbury, Western Australia 6231 Australia","Rawling Rd, Davenport, Bunbury, Western Australia, 6230","(-33.36248028944565, 115.68493187485231, 0.0)",-33.36248028944565,115.68493187485231
139,139,4917,V and V Walsh,9300633049171,1 Rawling Rd,Davenport,Western Australia,6230,#,18.08.2020,"1 Rawling Rd, Davenport, Western Australia 6230 Australia","Rawling Rd, Davenport, Bunbury, Western Australia, 6230","(-33.36248028944565, 115.68493187485231, 0.0)",-33.36248028944565,115.68493187485231
140,140,4918,Xmas Hams - Spearwood,9300633049188,1 Quarimor Rd,Bibra Lake,Western Australia,6163,#,05.10.2018,"1 Quarimor Rd, Bibra Lake, Western Australia 6163 Australia","1 Quarimor Rd, Bibra Lake, Perth, Western Australia, 6163","(-32.105929144707474, 115.80019555790358, 0.0)",-32.105929144707474,115.80019555790358
141,141,4919,Adams Foods Spearwood,9300633049195,1 Quarimor Rd,Bibra Lake,Western Australia,6163,#,05.10.2018,"1 Quarimor Rd, Bibra Lake, Western Australia 6163 Australia","1 Quarimor Rd, Bibra Lake, Perth, Western Australia, 6163","(-32.105929144707474, 115.80019555790358, 0.0)",-32.105929144707474,115.80019555790358
142,142,4930,Perth RDC - Confectionery,9300633049300,20-60 Colquhoun Road,Perth International Airport,Western Australia,6105,#,01.06.2017,"20-60 Colquhoun Road, Perth International Airport, Western Australia 6105 Australia","20 Colquhoun Rd, Perth Airport, Perth, Western Australia, 6105","(-31.97496006357249, 115.97049764169867, 0.0)",-31.97496006357249,115.97049764169867
143,143,4932,Perth RDC - Security,9300633049324,20-60 Colquhoun Road,Perth International Airport,Western Australia,6105,#,04.07.2014,"20-60 Colquhoun Road, Perth International Airport, Western Australia 6105 Australia","20 Colquhoun Rd, Perth Airport, Perth, Western Australia, 6105","(-31.97496006357249, 115.97049764169867, 0.0)",-31.97496006357249,115.97049764169867
144,144,4933,Perth RDC - Ambient     L61601,9300633049331,20-60 Colquhoun Road,Perth International Airport,Western Australia,6105,08 9334 6401,31.12.2004,"20-60 Colquhoun Road, Perth International Airport, Western Australia 6105 Australia","20 Colquhoun Rd, Perth Airport, Perth, Western Australia, 6105","(-31.97496006357249, 115.97049764169867, 0.0)",-31.97496006357249,115.97049764169867
145,145,4934,Livestock Trading,9300633049348,Rawling Road,Bunbury,Western Australia,6231,08 9351 5143,#,"Rawling Road, Bunbury, Western Australia 6231 Australia","Rawling Rd, Davenport, Bunbury, Western Australia, 6230","(-33.36248028944565, 115.68493187485231, 0.0)",-33.36248028944565,115.68493187485231
146,146,4935,Sausage Packing,9300633049355,123 Kewdale Road,Kewdale,Western Australia,6105,08 9351 5143,#,"123 Kewdale Road, Kewdale, Western Australia 6105 Australia","123 Kewdale Rd, Kewdale, Perth, Western Australia, 6105","(-31.984494613708538, 115.95428532618884, 0.0)",-31.984494613708538,115.95428532618884
147,147,4936,Perth RDC - Produce,9300633049362,20-60 Colquhoun Road,Perth International Airport,Western Australia,6105,08 9334 6439,03.01.2005,"20-60 Colquhoun Road, Perth International Airport, Western Australia 6105 Australia","20 Colquhoun Rd, Perth Airport, Perth, Western Australia, 6105","(-31.97496006357249, 115.97049764169867, 0.0)",-31.97496006357249,115.97049764169867
148,148,4937,Perth RDC - Chilled,9300633049379,20-60 Colquhoun Road,Perth International Airport,Western Australia,6105,08 9334 6401,04.11.2004,"20-60 Colquhoun Road, Perth International Airport, Western Australia 6105 Australia","20 Colquhoun Rd, Perth Airport, Perth, Western Australia, 6105","(-31.97496006357249, 115.97049764169867, 0.0)",-31.97496006357249,115.97049764169867
149,149,4938,Perth RDC - Milk,9300633049386,20-60 Colquhoun Road,Perth International Airport,Western Australia,6105,08 9334 6401,27.06.2005,"20-60 Colquhoun Road, Perth International Airport, Western Australia 6105 Australia","20 Colquhoun Rd, Perth Airport, Perth, Western Australia, 6105","(-31.97496006357249, 115.97049764169867, 0.0)",-31.97496006357249,115.97049764169867
150,150,4939,Perth RDC - Fresh,9300633049393,20-60 Colquhoun Road,Perth International Airport,Western Australia,6105,08 9334 6401,01.07.2005,"20-60 Colquhoun Road, Perth International Airport, Western Australia 6105 Australia","20 Colquhoun Rd, Perth Airport, Perth, Western Australia, 6105","(-31.97496006357249, 115.97049764169867, 0.0)",-31.97496006357249,115.97049764169867
151,151,4944,Aus Country Choice Internation,9300633049447,117 colmslie road,Cannon Hill,Queensland,4170,#,#,"117 colmslie road, Cannon Hill, Queensland 4170 Australia","117 Colmslie Rd, Murarrie, Brisbane, Queensland, 4172","(-27.453181002034427, 153.0920058084149, 0.0)",-27.453181002034427,153.0920058084149
152,152,4945,Aus Country Choice Internation,9300633049454,117 colmslie road,Cannon Hill,Queensland,4170,#,09.03.2020,"117 colmslie road, Cannon Hill, Queensland 4170 Australia","117 Colmslie Rd, Murarrie, Brisbane, Queensland, 4172","(-27.453181002034427, 153.0920058084149, 0.0)",-27.453181002034427,153.0920058084149
153,153,4957,Contingency DC SA,9300633049577,Spearwood,Quarimor Road,Western Australia,6163,#,#,"Spearwood, Quarimor Road, Western Australia 6163 Australia","Quarimor Rd, Bibra Lake, Perth, Western Australia, 6163","(-32.10480551191789, 115.79857161573467, 0.0)",-32.10480551191789,115.79857161573467
154,154,4988,Bunbury Meat DC,9300633049881,Rawling Road,Bunbury,Western Australia,6231,08 9725 4844,15.02.2010,"Rawling Road, Bunbury, Western Australia 6231 Australia","Rawling Rd, Davenport, Bunbury, Western Australia, 6230","(-33.36248028944565, 115.68493187485231, 0.0)",-33.36248028944565,115.68493187485231
155,155,4989,Linley Valley Pork Abattoir,9300633049898,50 Linley Valley Rd,Wundowie,Western Australia,6560,#,05.10.2018,"50 Linley Valley Rd, Wundowie, Western Australia 6560 Australia","50 Linley Valley Rd, Wundowie, Western Australia, 6560","(-31.807879731900933, 116.34786659681606, 0.0)",-31.807879731900933,116.34786659681606
156,156,4990,Bunbury Beef Boning,9300633049904,1 Rawling Rd,Davenport,Western Australia,6230,#,05.10.2018,"1 Rawling Rd, Davenport, Western Australia 6230 Australia","Rawling Rd, Davenport, Bunbury, Western Australia, 6230","(-33.36248028944565, 115.68493187485231, 0.0)",-33.36248028944565,115.68493187485231
157,157,5904,Dry Creek RDC Freezer Shed 1,9300633059040,6 Bradford Way,Dry Creek,South Australia,5094,08 8206 5520,19.04.2006,"6 Bradford Way, Dry Creek, South Australia 5094 Australia","6 Bradford Way, Cavan, Adelaide, South Australia, 5094","(-34.82918840592224, 138.59552631089258, 0.0)",-34.82918840592224,138.59552631089258
158,158,5907,Ambient BY Contingency 1,9300633059071,2 Portlink Drive,Dandenong South,Victoria,3175,#,17.11.2020,"2 Portlink Drive, Dandenong South, Victoria 3175 Australia","2 Portlink Dr, Dandenong South, Melbourne, Victoria, 3175","(-38.05663716423169, 145.22803610434198, 0.0)",-38.05663716423169,145.22803610434198
159,159,5910,Adelaide RDC - Ambient,9300633059101,599 Main North Road,Gepps Cross,South Australia,5094,08 8206 5520,23.06.1996,"599 Main North Road, Gepps Cross, South Australia 5094 Australia","599 Main North Rd, Gepps Cross, Adelaide, South Australia, 5094","(-34.838581962901436, 138.61027913103356, 0.0)",-34.838581962901436,138.61027913103356
160,160,5912,Ambient BY Contingency 2,9300633059125,140-030 Seeana Place,Heathwood,Queensland,4110,#,17.11.2020,"140-030 Seeana Place, Heathwood, Queensland 4110 Australia","30 Seeana Pl, Heathwood, Brisbane, Queensland, 4110","(-27.64334291575632, 152.99113354319292, 0.0)",-27.64334291575632,152.99113354319292
161,161,5913,Adelaide RDC - Confectionery,9300633059132,599 Main North Road,Gepps Cross,South Australia,5094,08 8206 5520,17.07.2009,"599 Main North Road, Gepps Cross, South Australia 5094 Australia","599 Main North Rd, Gepps Cross, Adelaide, South Australia, 5094","(-34.838581962901436, 138.61027913103356, 0.0)",-34.838581962901436,138.61027913103356
162,162,5914,Lobethal DC,9300633059149,Ridge Road,Lobethal,South Australia,5241,08 8389 5201,01.10.2004,"Ridge Road, Lobethal, South Australia 5241 Australia","Ridge Rd, Lobethal, South Australia, 5241","(-34.903314247444264, 138.8796066782169, 0.0)",-34.903314247444264,138.8796066782169
163,163,5915,Adelaide RDC - Security,9300633059156,599 Main North Road,Gepps Cross,South Australia,5094,08 8206 5520,17.07.2009,"599 Main North Road, Gepps Cross, South Australia 5094 Australia","599 Main North Rd, Gepps Cross, Adelaide, South Australia, 5094","(-34.838581962901436, 138.61027913103356, 0.0)",-34.838581962901436,138.61027913103356
164,164,5916,Produce BY Contingency 2,9300633059163,14 - 30 Seeanna Plance,Heathwood,Queensland,4110,#,17.11.2020,"14 - 30 Seeanna Plance, Heathwood, Queensland 4110 Australia","30 Seeana Pl, Heathwood, Brisbane, Queensland, 4110","(-27.64334291575632, 152.99113354319292, 0.0)",-27.64334291575632,152.99113354319292
165,165,5917,Chilled BY Contingency 2,9300633059170,14 - 30 Seeana Place,Heathwood,Queensland,4110,#,17.11.2020,"14 - 30 Seeana Place, Heathwood, Queensland 4110 Australia","30 Seeana Pl, Heathwood, Brisbane, Queensland, 4110","(-27.64334291575632, 152.99113354319292, 0.0)",-27.64334291575632,152.99113354319292
166,166,5920,Limestone Wine Cellars,9300633059200,599 Main North Road,Gepps Cross,South Australia,5094,08 8206 5500,#,"599 Main North Road, Gepps Cross, South Australia 5094 Australia","599 Main North Rd, Gepps Cross, Adelaide, South Australia, 5094","(-34.838581962901436, 138.61027913103356, 0.0)",-34.838581962901436,138.61027913103356
167,167,5928,Teys Naracoorte Beef,9300633059286,915 Wimmera Hwy,Hynam,South Australia,5262,#,#,"915 Wimmera Hwy, Hynam, South Australia 5262 Australia","915 Wimmera Hwy, Hynam, South Australia, 5262","(-36.937847711274465, 140.82858812691907, 0.0)",-36.937847711274465,140.82858812691907
168,168,5936,Adelaide RDC - Produce,9300633059361,599 Main North Road,Gepps Cross,South Australia,5094,08 8206 5520,20.08.2005,"599 Main North Road, Gepps Cross, South Australia 5094 Australia","599 Main North Rd, Gepps Cross, Adelaide, South Australia, 5094","(-34.838581962901436, 138.61027913103356, 0.0)",-34.838581962901436,138.61027913103356
169,169,5937,Adelaide RDC - Chilled,9300633059378,599 Main North Road,Gepps Cross,South Australia,5094,08 8206 5520,27.05.2005,"599 Main North Road, Gepps Cross, South Australia 5094 Australia","599 Main North Rd, Gepps Cross, Adelaide, South Australia, 5094","(-34.838581962901436, 138.61027913103356, 0.0)",-34.838581962901436,138.61027913103356
170,170,5938,Adelaide RDC - Frozen,9300633059385,599 Main North Road,Gepps Cross,South Australia,5094,08 8206 5520,27.05.2005,"599 Main North Road, Gepps Cross, South Australia 5094 Australia","599 Main North Rd, Gepps Cross, Adelaide, South Australia, 5094","(-34.838581962901436, 138.61027913103356, 0.0)",-34.838581962901436,138.61027913103356
171,171,5939,Adelaide RDC - Fresh,9300633059392,599 Main North Road,Gepps Cross,South Australia,5094,08 8206 5520,14.07.2005,"599 Main North Road, Gepps Cross, South Australia 5094 Australia","599 Main North Rd, Gepps Cross, Adelaide, South Australia, 5094","(-34.838581962901436, 138.61027913103356, 0.0)",-34.838581962901436,138.61027913103356
172,172,5950,Scotts Chilled DC,9300633059507,15A CARTER STREET,SYDNEY OLYMPIC PARK,New South Wales,2127,#,26.10.2020,"15A CARTER STREET, SYDNEY OLYMPIC PARK, New South Wales 2127 Australia","15A Carter St, Lidcombe, Sydney, New South Wales, 2141","(-33.84966168266239, 151.0588019392727, 0.0)",-33.84966168266239,151.0588019392727
173,173,5957,Adelaide RDC TC,9300633059576,599 Main North Rd,Gepps Cross,South Australia,5094,#,#,"599 Main North Rd, Gepps Cross, South Australia 5094 Australia","599 Main North Rd, Gepps Cross, Adelaide, South Australia, 5094","(-34.838581962901436, 138.61027913103356, 0.0)",-34.838581962901436,138.61027913103356
174,174,5966,Lobethal Lamb Ops,9300633059668,PO Box 148,Lobethal,South Australia,5241,#,11.08.2020,"PO Box 148, Lobethal, South Australia 5241 Australia",5241,"(-34.900139999999965, 138.8754, 0.0)",-34.900139999999965,138.8754
175,175,5980,Oxford / Lineage Laverton VIC,9300633059804,1 Hume Rd,Laverton North,Victoria,3026,#,19.10.2020,"1 Hume Rd, Laverton North, Victoria 3026 Australia","1 Hume Rd, Laverton North, Melbourne, Victoria, 3026","(-37.82659226927282, 144.79642349518667, 0.0)",-37.82659226927282,144.79642349518667
176,176,5988,Adelaide RDC - Meat,9300633059880,599 Main North Road,Gepps Cross,South Australia,5094,08 8206 5611,27.04.2012,"599 Main North Road, Gepps Cross, South Australia 5094 Australia","599 Main North Rd, Gepps Cross, Adelaide, South Australia, 5094","(-34.838581962901436, 138.61027913103356, 0.0)",-34.838581962901436,138.61027913103356
177,177,5998,Lineage Freezer DC - Dry Creek,9300633059989,2 Bradford Way,Dry Creek,South Australia,5094,#,01.04.2012,"2 Bradford Way, Dry Creek, South Australia 5094 Australia","2 Bradford Way, Cavan, Adelaide, South Australia, 5094","(-34.82918840592224, 138.59552631089258, 0.0)",-34.82918840592224,138.59552631089258
178,178,6923, Aus Country Choice,9300633069230,117 Colmslie Rd,Cannon Hill,Queensland,4170,#,#,"117 Colmslie Rd, Cannon Hill, Queensland 4170 Australia","117 Colmslie Rd, Murarrie, Brisbane, Queensland, 4172","(-27.453181002034427, 153.0920058084149, 0.0)",-27.453181002034427,153.0920058084149
179,179,7191,Devonport Produce DC,9300633071912,Brooke Road,East Devonport,Tasmania,7310,03 6427 5108,05.06.2009,"Brooke Road, East Devonport, Tasmania 7310 Australia","Brooke St, East Devonport, Devonport, Tasmania, 7310","(-41.17599994370638, 146.39340596421582, 0.0)",-41.17599994370638,146.39340596421582
180,180,7193,JBS Lamb Abattoir Devonport,9300633071936,1/8 Saleyard Rd,Quoiba,Tasmania,7310,#,#,"1/8 Saleyard Rd, Quoiba, Tasmania 7310 Australia","8 Saleyard Rd, Quoiba, Devonport, Tasmania, 7310","(-41.20590862408555, 146.3527574233491, 0.0)",-41.20590862408555,146.3527574233491
181,181,7194,JBS Longford Beef,9300633071943,2 Tannery Rd, Longford,Tasmania,7301,#,18.08.2020,"2 Tannery Rd,  Longford, Tasmania 7301 Australia","2 Tannery Rd, Longford, Tasmania, 7301","(-41.581142201848664, 147.11381032900735, 0.0)",-41.581142201848664,147.11381032900735
182,182,7380,Breadalbane DC - Siw,9300633073800,13 Richard Street,Breadalbane,Tasmania,7258,#,01.02.1999,"13 Richard Street, Breadalbane, Tasmania 7258 Australia","13 Richard St, Western Junction, Tasmania, 7212","(-41.53672717117552, 147.20000983551142, 0.0)",-41.53672717117552,147.20000983551142
183,183,7381,Breadalbane Meat DC,9300633073817,13 Richard Street,Breadalbane,Tasmania,7258,03 6391 0300,18.04.2011,"13 Richard Street, Breadalbane, Tasmania 7258 Australia","13 Richard St, Western Junction, Tasmania, 7212","(-41.53672717117552, 147.20000983551142, 0.0)",-41.53672717117552,147.20000983551142
184,184,7386,Statewide - Tasmania,9300633073862,13 Richard Street,Breadalbane,Tasmania,7258,#,#,"13 Richard Street, Breadalbane, Tasmania 7258 Australia","13 Richard St, Western Junction, Tasmania, 7212","(-41.53672717117552, 147.20000983551142, 0.0)",-41.53672717117552,147.20000983551142
185,185,7814,Heathwood Primary Storage,9300633078140,30 Seeana Pl,Heathwood,Queensland,4110,#,25.10.2022,"30 Seeana Pl, Heathwood, Queensland 4110 Australia","30 Seeana Pl, Heathwood, Brisbane, Queensland, 4110","(-27.64334291575632, 152.99113354319292, 0.0)",-27.64334291575632,152.99113354319292
186,186,7931,TAS RDC-Security-Aerosols-DG,9300633079314,8 Translink Avenue,Western Junction,Tasmania,7212,03 6391 0803,06.05.2013,"8 Translink Avenue, Western Junction, Tasmania 7212 Australia","8 TRANSLink Ave, Western Junction, Tasmania, 7212","(-41.537612974942036, 147.19330416906894, 0.0)",-41.537612974942036,147.19330416906894
187,187,7933,Tasmania RDC - Ambient,9300633079338,8 TRANSLINK AVENUE,WESTERN JUNCTION,Tasmania,7212,03 6391 0810,01.12.2011,"8 TRANSLINK AVENUE, WESTERN JUNCTION, Tasmania 7212 Australia","8 TRANSLink Ave, Western Junction, Tasmania, 7212","(-41.537612974942036, 147.19330416906894, 0.0)",-41.537612974942036,147.19330416906894
188,188,7937,Tasmania RDC - Chilled,9300633079376,8 TRANSLINK AVENUE,WESTERN JUNCTION,Tasmania,7212,03 6391 0810,30.07.2019,"8 TRANSLINK AVENUE, WESTERN JUNCTION, Tasmania 7212 Australia","8 TRANSLink Ave, Western Junction, Tasmania, 7212","(-41.537612974942036, 147.19330416906894, 0.0)",-41.537612974942036,147.19330416906894
189,189,7938,Tasmania RDC - Frozen,9300633079383,8 TRANSLINK AVENUE,WESTERN JUNCTION,Tasmania,7212,03 6391 0810,30.07.2019,"8 TRANSLINK AVENUE, WESTERN JUNCTION, Tasmania 7212 Australia","8 TRANSLink Ave, Western Junction, Tasmania, 7212","(-41.537612974942036, 147.19330416906894, 0.0)",-41.537612974942036,147.19330416906894
190,190,7939,Tasmania RDC - Fresh,9300633079390,8 TRANSLINK AVENUE,WESTERN JUNCTION,Tasmania,7212,03 6391 0810,30.07.2019,"8 TRANSLINK AVENUE, WESTERN JUNCTION, Tasmania 7212 Australia","8 TRANSLink Ave, Western Junction, Tasmania, 7212","(-41.537612974942036, 147.19330416906894, 0.0)",-41.537612974942036,147.19330416906894
191,191,7955,Sydney NDC 2,9300633079550,Qube Logistics Park,Moorebank,New South Wales,2170,#,30.09.2021,"Qube Logistics Park, Moorebank, New South Wales 2170 Australia","2170, Moorebank, Sydney, New South Wales","(-33.938798643283356, 150.94410325003344, 0.0)",-33.938798643283356,150.94410325003344
192,192,7957,Tasmainia RDC PTZ,9300633079574,8 Translink Ave,Western Junction,Tasmania,7212,#,30.07.2019,"8 Translink Ave, Western Junction, Tasmania 7212 Australia","8 TRANSLink Ave, Western Junction, Tasmania, 7212","(-41.537612974942036, 147.19330416906894, 0.0)",-41.537612974942036,147.19330416906894
193,193,7960,Sydney Chilled/Fresh DC - Chil,9300633079604,41 Redfern St,Wetherill Park,New South Wales,2164,#,17.02.2022,"41 Redfern St, Wetherill Park, New South Wales 2164 Australia","41 Redfern St, Wetherill Park, Sydney, New South Wales, 2164","(-33.844183784945656, 150.91524018599316, 0.0)",-33.844183784945656,150.91524018599316
194,194,7961,Sydney Chilled/Fresh DC - Fres,9300633079611,41 Redfern St,Wetherill Park,New South Wales,2164,#,17.02.2022,"41 Redfern St, Wetherill Park, New South Wales 2164 Australia","41 Redfern St, Wetherill Park, Sydney, New South Wales, 2164","(-33.844183784945656, 150.91524018599316, 0.0)",-33.844183784945656,150.91524018599316
195,195,7962,Sydney Chilled/Fresh DC - LLC,9300633079628,41 Redfern St,Wetherill Park,New South Wales,2164,#,17.02.2022,"41 Redfern St, Wetherill Park, New South Wales 2164 Australia","41 Redfern St, Wetherill Park, Sydney, New South Wales, 2164","(-33.844183784945656, 150.91524018599316, 0.0)",-33.844183784945656,150.91524018599316
196,196,7963,Sydney Chilled/Fresh DC - Meat,9300633079635,41 Redfern St,Wetherill Park,New South Wales,2164,#,17.02.2022,"41 Redfern St, Wetherill Park, New South Wales 2164 Australia","41 Redfern St, Wetherill Park, Sydney, New South Wales, 2164","(-33.844183784945656, 150.91524018599316, 0.0)",-33.844183784945656,150.91524018599316
197,197,7964,Sydney Chilled/Fresh DC - Milk,9300633079642,41 Redfern St,Wetherill Park,New South Wales,2164,#,17.02.2022,"41 Redfern St, Wetherill Park, New South Wales 2164 Australia","41 Redfern St, Wetherill Park, Sydney, New South Wales, 2164","(-33.844183784945656, 150.91524018599316, 0.0)",-33.844183784945656,150.91524018599316
198,198,7965,Sydney Chilled/Fresh DC - Seaf,9300633079659, 41 Redfern St,Wetherill Park,New South Wales,2164,#,17.02.2022," 41 Redfern St, Wetherill Park, New South Wales 2164 Australia","41 Redfern St, Wetherill Park, Sydney, New South Wales, 2164","(-33.844183784945656, 150.91524018599316, 0.0)",-33.844183784945656,150.91524018599316
199,199,7966,Sydney Chilled/Fresh DC - Prod,9300633079666,41 Redfern St, Wetherill Park,New South Wales,2164,#,17.02.2022,"41 Redfern St,  Wetherill Park, New South Wales 2164 Australia","41 Redfern St, Wetherill Park, Sydney, New South Wales, 2164","(-33.844183784945656, 150.91524018599316, 0.0)",-33.844183784945656,150.91524018599316
200,200,7967,Sydney Chilled/Fresh DC - Conf,9300633079673,41 Redfern St,Wetherill Park,New South Wales,2164,#,17.02.2022,"41 Redfern St, Wetherill Park, New South Wales 2164 Australia","41 Redfern St, Wetherill Park, Sydney, New South Wales, 2164","(-33.844183784945656, 150.91524018599316, 0.0)",-33.844183784945656,150.91524018599316
201,201,7986,Tasmania RDC - Produce,9300633079864,8 TRANSLINK AVENUE,WESTERN JUNCTION,Tasmania,7212,03 6391 0810,06.12.2013,"8 TRANSLINK AVENUE, WESTERN JUNCTION, Tasmania 7212 Australia","8 TRANSLink Ave, Western Junction, Tasmania, 7212","(-41.537612974942036, 147.19330416906894, 0.0)",-41.537612974942036,147.19330416906894
202,202,7987,JBS Devonport Pork,9300633079871,1/8 Saleyard Rd,Quoiba,Tasmania,7310,#,05.10.2018,"1/8 Saleyard Rd, Quoiba, Tasmania 7310 Australia","8 Saleyard Rd, Quoiba, Devonport, Tasmania, 7310","(-41.20590862408555, 146.3527574233491, 0.0)",-41.20590862408555,146.3527574233491
203,203,7988,Tasmania RDC - Meat,9300633079888,8 TRANSLINK AVENUE,WESTERN JUNCTION,Tasmania,7212,03 6391 0810,#,"8 TRANSLINK AVENUE, WESTERN JUNCTION, Tasmania 7212 Australia","8 TRANSLink Ave, Western Junction, Tasmania, 7212","(-41.537612974942036, 147.19330416906894, 0.0)",-41.537612974942036,147.19330416906894
204,204,7991,Lineage Laverton - Chilled,9300633079918,60-68 William Angliss Drive,Laverton Nth,Victoria,3026,#,21.06.2021,"60-68 William Angliss Drive, Laverton Nth, Victoria 3026 Australia","60-68 William Angliss Dr, Laverton North, Melbourne, Victoria, 3026","(-37.81874085674935, 144.77257329261516, 0.0)",-37.81874085674935,144.77257329261516
205,205,7992,Lineage Laverton -  Freezer,9300633079925,60-68 William Angliss Drive,Laverton Nth,Victoria,3026,#,21.06.2021,"60-68 William Angliss Drive, Laverton Nth, Victoria 3026 Australia","60-68 William Angliss Dr, Laverton North, Melbourne, Victoria, 3026","(-37.81874085674935, 144.77257329261516, 0.0)",-37.81874085674935,144.77257329261516
206,206,7993,Lineage Laverton - Events,9300633079932,60-68 William Angliss Drive,Laverton Nth,Victoria,3026,#,21.06.2021,"60-68 William Angliss Drive, Laverton Nth, Victoria 3026 Australia","60-68 William Angliss Dr, Laverton North, Melbourne, Victoria, 3026","(-37.81874085674935, 144.77257329261516, 0.0)",-37.81874085674935,144.77257329261516
207,207,7994,Lineage Laverton - Contingency,9300633079949,60-68 William Angliss Drive,Laverton Nth,Victoria,3026,#,21.06.2021,"60-68 William Angliss Drive, Laverton Nth, Victoria 3026 Australia","60-68 William Angliss Dr, Laverton North, Melbourne, Victoria, 3026","(-37.81874085674935, 144.77257329261516, 0.0)",-37.81874085674935,144.77257329261516
208,208,8023,Junee AFG,9300633080235,2882 Byrnes Rd,Junee,New South Wales,2663,#,19.10.2020,"2882 Byrnes Rd, Junee, New South Wales 2663 Australia","2882 Byrnes Rd, Junee, New South Wales, 2663","(-34.89106675837704, 147.5785834377532, 0.0)",-34.89106675837704,147.5785834377532
209,209,8031,Doboy Cold Stores,9300633080310,40 Canberra St,Hemmant,Queensland,4174,#,19.10.2020,"40 Canberra St, Hemmant, Queensland 4174 Australia","40 Canberra St, Hemmant, Brisbane, Queensland, 4174","(-27.44305130440884, 153.12798060156774, 0.0)",-27.44305130440884,153.12798060156774
210,210,8034,AUS CTRY CH INT CRM,9300633080341,117 Colmslie Road,Cannon Hill,Queensland,4170,#,16.11.2021,"117 Colmslie Road, Cannon Hill, Queensland 4170 Australia","117 Colmslie Rd, Murarrie, Brisbane, Queensland, 4172","(-27.453181002034427, 153.0920058084149, 0.0)",-27.453181002034427,153.0920058084149
211,211,8035,Teys Naracoorte AFG,9300633080358,915 Wimmera Highway,Hynam,South Australia,5262,#,#,"915 Wimmera Highway, Hynam, South Australia 5262 Australia","915 Wimmera Hwy, Hynam, South Australia, 5262","(-36.937847711274465, 140.82858812691907, 0.0)",-36.937847711274465,140.82858812691907
212,212,8064,AUS COUNTRY CHOICE AFG,9300633080648,117 Colmslie Rd,Cannon Hill,Queensland,4170,#,19.10.2020,"117 Colmslie Rd, Cannon Hill, Queensland 4170 Australia","117 Colmslie Rd, Murarrie, Brisbane, Queensland, 4172","(-27.453181002034427, 153.0920058084149, 0.0)",-27.453181002034427,153.0920058084149
213,213,8111,Xmas Hams Don Watson,9300633081119,213-215 Newton Rd,Wetherill Park,New South Wales,2164,#,05.10.2018,"213-215 Newton Rd, Wetherill Park, New South Wales 2164 Australia","215 Newton Rd, Wetherill Park, Sydney, New South Wales, 2164","(-33.837119966669526, 150.88527022436506, 0.0)",-33.837119966669526,150.88527022436506
214,214,8193,Linfox Somerton Chilled,9300633081935,20-30 Nation Link Drive,Somerton,Victoria,3062,#,#,"20-30 Nation Link Drive, Somerton, Victoria 3062 Australia","20-30 Nation Link Dr, Somerton, Melbourne, Victoria, 3062","(-37.63590673805955, 144.9461045884276, 0.0)",-37.63590673805955,144.9461045884276
215,215,8199,Contigency DC # 8199,9300633081997,51 Alexandra Place,Murarrie,Queensland,4172,#,#,"51 Alexandra Place, Murarrie, Queensland 4172 Australia","51 Alexandra Pl, Murarrie, Brisbane, Queensland, 4172","(-27.460692193108002, 153.10772036812625, 0.0)",-27.460692193108002,153.10772036812625
216,216,8207,Contigency DC # 8207,9300633082079, 51 Alexandra Place,Murarrie,Queensland,4172,#,#," 51 Alexandra Place, Murarrie, Queensland 4172 Australia","51 Alexandra Pl, Murarrie, Brisbane, Queensland, 4172","(-27.460692193108002, 153.10772036812625, 0.0)",-27.460692193108002,153.10772036812625
217,217,8236,Contigency DC # 8236,9300633082369, 51 Alexandra Place,Murarrie,Queensland,4172,#,#," 51 Alexandra Place, Murarrie, Queensland 4172 Australia","51 Alexandra Pl, Murarrie, Brisbane, Queensland, 4172","(-27.460692193108002, 153.10772036812625, 0.0)",-27.460692193108002,153.10772036812625
218,218,8241,Contigency DC # 8241,9300633082413, 51 Alexandra Place,Murarrie,Queensland,4172,07 3354 5444,#," 51 Alexandra Place, Murarrie, Queensland 4172 Australia","51 Alexandra Pl, Murarrie, Brisbane, Queensland, 4172","(-27.460692193108002, 153.10772036812625, 0.0)",-27.460692193108002,153.10772036812625
219,219,8270,Care Package DC NSW,9300633082703,4 Millner Ave,Horsley Park,New South Wales,2175,#,27.03.2020,"4 Millner Ave, Horsley Park, New South Wales 2175 Australia","4 Millner Av, Horsley Park, Sydney, New South Wales, 2175","(-33.824609976180184, 150.81961611789632, 0.0)",-33.824609976180184,150.81961611789632
